transaction_id,date,customer_id,product,price,quantity,coupon_code,shipping_city,discount_percent,subtotal,discount_amount,final_amount,days_since_purchase,city,population_2021,land_area_km2,population_density_km2
1,2026-06-10,CUST5572,Smartwatch,367.57,2,NO_COUPON,London,0,735.14,0.0,735.14,102,London,"422,324",420.5,"1,004.3"
2,2026-06-10,CUST8096,Laptop,433.53,1,SAVE10,Waterloo,10,433.53,43.35,390.18,102,Waterloo,"121,436",64.06,"1,895.8"
3,2026-09-14,CUST6154,Tablet,1001.78,2,SAVE10,London,10,2003.56,200.36,1803.2,6,London,"422,324",420.5,"1,004.3"
4,2026-06-10,CUST5695,Smartphone,1029.17,4,SAVE30,Toronto,30,4116.68,1235.0,2881.68,102,Toronto,"2,794,356",631.1,"4,427.8"
5,2026-09-10,CUST8276,Mouse,21.44,5,NO_COUPON,London,0,107.2,0.0,107.2,10,London,"422,324",420.5,"1,004.3"
6,2026-08-28,CUST2737,Laptop,500.76,4,NO_COUPON,Ottawa,0,2003.04,0.0,2003.04,23,Ottawa,"1,017,449",2788.2,364.9
7,2025-10-01,CUST8323,Headphones,726.46,1,NO_COUPON,Waterloo,0,726.46,0.0,726.46,354,Waterloo,"121,436",64.06,"1,895.8"
8,2026-03-16,CUST6154,Keyboard,21.47,1,SAVE10,Kitchener,10,21.47,2.15,19.32,188,Kitchener,"256,885",136.81,"1,877.6"
9,2026-08-04,CUST9613,Headphones,812.15,2,SAVE20,Waterloo,20,1624.3,324.86,1299.44,47,Waterloo,"121,436",64.06,"1,895.8"
10,2026-03-07,CUST5249,Tablet,1312.26,2,SAVE30,Kitchener,30,2624.52,787.36,1837.16,197,Kitchener,"256,885",136.81,"1,877.6"
11,2025-11-10,CUST4214,Keyboard,1020.3354929577465,4,SAVE10,Ottawa,10,4081.34,408.13,3673.21,314,Ottawa,"1,017,449",2788.2,364.9
12,2026-04-27,CUST9368,Mouse,989.89,5,SAVE10,Ottawa,10,4949.45,494.94,4454.51,146,Ottawa,"1,017,449",2788.2,364.9
13,2025-10-23,CUST3915,Tablet,1948.6,1,SAVE30,Kitchener,30,1948.6,584.58,1364.02,332,Kitchener,"256,885",136.81,"1,877.6"
14,2026-06-16,CUST4063,Smartwatch,1228.64,4,SAVE20,Kitchener,20,4914.56,982.91,3931.65,96,Kitchener,"256,885",136.81,"1,877.6"
15,2026-05-04,CUST7496,Headphones,114.96,5,NO_COUPON,Waterloo,0,574.8,0.0,574.8,139,Waterloo,"121,436",64.06,"1,895.8"
16,2026-03-14,CUST6147,Headphones,1395.95,2,SAVE30,Toronto,30,2791.9,837.57,1954.33,190,Toronto,"2,794,356",631.1,"4,427.8"
17,2026-06-30,CUST8991,Smartphone,1708.31,1,SAVE30,London,30,1708.31,512.49,1195.82,82,London,"422,324",420.5,"1,004.3"
18,2025-11-21,CUST9750,Laptop,1980.67,2,SAVE20,Ottawa,20,3961.34,792.27,3169.07,303,Ottawa,"1,017,449",2788.2,364.9
19,2026-03-14,CUST9880,Keyboard,1430.02,5,SAVE10,Waterloo,10,7150.1,715.01,6435.09,190,Waterloo,"121,436",64.06,"1,895.8"
20,2026-08-05,CUST2186,Monitor,711.63,2,NO_COUPON,Waterloo,0,1423.26,0.0,1423.26,46,Waterloo,"121,436",64.06,"1,895.8"
21,2026-08-02,CUST7076,Unknown,1854.62,3,SAVE10,Toronto,10,5563.86,556.39,5007.47,49,Toronto,"2,794,356",631.1,"4,427.8"
22,2026-01-20,CUST6703,Mouse,1567.03,3,SAVE10,Toronto,10,4701.09,470.11,4230.98,243,Toronto,"2,794,356",631.1,"4,427.8"
23,2026-09-01,CUST1216,Smartphone,1935.41,5,SAVE20,Ottawa,20,9677.05,1935.41,7741.64,19,Ottawa,"1,017,449",2788.2,364.9
24,2026-08-21,CUST1880,Smartwatch,1062.78,1,SAVE20,Waterloo,20,1062.78,212.56,850.22,30,Waterloo,"121,436",64.06,"1,895.8"
25,2026-07-06,CUST3591,Laptop,231.81,3,SAVE30,Ottawa,30,695.43,208.63,486.8,76,Ottawa,"1,017,449",2788.2,364.9
26,2025-12-24,CUST1547,Smartwatch,1020.3354929577465,2,SAVE10,Waterloo,10,2040.67,204.07,1836.6,270,Waterloo,"121,436",64.06,"1,895.8"
27,2026-08-09,CUST6720,Laptop,1394.96,2,SAVE10,Ottawa,10,2789.92,278.99,2510.93,42,Ottawa,"1,017,449",2788.2,364.9
28,2026-03-11,CUST5165,Monitor,1139.5,4,SAVE20,Ottawa,20,4558.0,911.6,3646.4,193,Ottawa,"1,017,449",2788.2,364.9
29,2026-03-03,CUST8110,Tablet,1450.93,1,SAVE10,London,10,1450.93,145.09,1305.84,201,London,"422,324",420.5,"1,004.3"
30,2025-12-16,CUST3566,Tablet,583.07,4,NO_COUPON,London,0,2332.28,0.0,2332.28,278,London,"422,324",420.5,"1,004.3"
31,2025-12-25,CUST2271,Tablet,637.84,4,SAVE10,Waterloo,10,2551.36,255.14,2296.22,269,Waterloo,"121,436",64.06,"1,895.8"
32,2026-03-28,CUST6517,Mouse,257.9,1,NO_COUPON,London,0,257.9,0.0,257.9,176,London,"422,324",420.5,"1,004.3"
33,2026-04-25,CUST6996,Smartphone,891.02,5,SAVE10,Ottawa,10,4455.1,445.51,4009.59,148,Ottawa,"1,017,449",2788.2,364.9
34,2026-08-12,CUST6291,Smartwatch,1994.12,1,SAVE10,Kitchener,10,1994.12,199.41,1794.71,39,Kitchener,"256,885",136.81,"1,877.6"
35,2026-05-14,CUST7021,Smartwatch,1329.53,1,NO_COUPON,London,0,1329.53,0.0,1329.53,129,London,"422,324",420.5,"1,004.3"
36,2026-04-14,CUST8650,Unknown,1455.46,3,SAVE10,Toronto,10,4366.38,436.64,3929.74,159,Toronto,"2,794,356",631.1,"4,427.8"
37,2026-06-20,CUST8869,Laptop,1295.87,5,SAVE10,London,10,6479.35,647.93,5831.42,92,London,"422,324",420.5,"1,004.3"
38,2026-01-17,CUST5864,Smartphone,488.35,3,SAVE20,Kitchener,20,1465.05,293.01,1172.04,246,Kitchener,"256,885",136.81,"1,877.6"
39,2026-07-31,CUST1359,Keyboard,1429.52,5,SAVE10,London,10,7147.6,714.76,6432.84,51,London,"422,324",420.5,"1,004.3"
40,2026-03-25,CUST7570,Tablet,792.07,3,SAVE10,Waterloo,10,2376.21,237.62,2138.59,179,Waterloo,"121,436",64.06,"1,895.8"
41,2026-06-16,CUST5518,Smartwatch,1020.3354929577465,4,NO_COUPON,London,0,4081.34,0.0,4081.34,96,London,"422,324",420.5,"1,004.3"
42,2025-12-27,CUST5284,Tablet,1949.02,3,SAVE20,Ottawa,20,5847.06,1169.41,4677.65,267,Ottawa,"1,017,449",2788.2,364.9
43,2026-04-08,CUST4038,Monitor,945.88,1,NO_COUPON,Toronto,0,945.88,0.0,945.88,165,Toronto,"2,794,356",631.1,"4,427.8"
44,2025-11-11,CUST5078,Keyboard,73.59,4,SAVE10,Kitchener,10,294.36,29.44,264.92,313,Kitchener,"256,885",136.81,"1,877.6"
45,2026-05-13,CUST7209,Mouse,931.55,4,SAVE20,Ottawa,20,3726.2,745.24,2980.96,130,Ottawa,"1,017,449",2788.2,364.9
46,2026-04-11,CUST3909,Headphones,1569.38,5,SAVE10,Kitchener,10,7846.9,784.69,7062.21,162,Kitchener,"256,885",136.81,"1,877.6"
47,2025-12-05,CUST2461,Tablet,1554.69,5,SAVE10,Toronto,10,7773.45,777.34,6996.11,289,Toronto,"2,794,356",631.1,"4,427.8"
48,2025-10-07,CUST5111,Monitor,819.86,4,SAVE10,London,10,3279.44,327.94,2951.5,348,London,"422,324",420.5,"1,004.3"
49,2026-04-24,CUST7843,Laptop,1792.16,4,SAVE30,Kitchener,30,7168.64,2150.59,5018.05,149,Kitchener,"256,885",136.81,"1,877.6"
50,2026-03-13,CUST4538,Smartwatch,1948.96,2,NO_COUPON,Toronto,0,3897.92,0.0,3897.92,191,Toronto,"2,794,356",631.1,"4,427.8"
51,2026-08-25,CUST8546,Smartphone,736.82,4,SAVE30,London,30,2947.28,884.18,2063.1,26,London,"422,324",420.5,"1,004.3"
52,2026-02-12,CUST7028,Laptop,541.63,4,SAVE10,Kitchener,10,2166.52,216.65,1949.87,220,Kitchener,"256,885",136.81,"1,877.6"
53,2026-09-15,CUST1867,Keyboard,1900.37,4,SAVE10,Kitchener,10,7601.48,760.15,6841.33,5,Kitchener,"256,885",136.81,"1,877.6"
54,2026-08-06,CUST2743,Laptop,1553.74,5,SAVE20,Waterloo,20,7768.7,1553.74,6214.96,45,Waterloo,"121,436",64.06,"1,895.8"
55,2025-11-26,CUST1136,Smartphone,1818.8,2,SAVE10,London,10,3637.6,363.76,3273.84,298,London,"422,324",420.5,"1,004.3"
56,2025-11-29,CUST1950,Headphones,1110.7,5,SAVE30,Waterloo,30,5553.5,1666.05,3887.45,295,Waterloo,"121,436",64.06,"1,895.8"
57,2026-01-31,CUST7449,Laptop,735.25,5,SAVE30,Ottawa,30,3676.25,1102.88,2573.37,232,Ottawa,"1,017,449",2788.2,364.9
58,2025-11-01,CUST1277,Laptop,1067.54,1,SAVE10,Kitchener,10,1067.54,106.75,960.79,323,Kitchener,"256,885",136.81,"1,877.6"
59,2026-07-07,CUST7286,Tablet,560.05,4,SAVE10,Kitchener,10,2240.2,224.02,2016.18,75,Kitchener,"256,885",136.81,"1,877.6"
60,2026-08-28,CUST1895,Smartwatch,607.88,5,NO_COUPON,Waterloo,0,3039.4,0.0,3039.4,23,Waterloo,"121,436",64.06,"1,895.8"
61,2025-11-26,CUST9953,Headphones,1575.41,2,SAVE30,Kitchener,30,3150.82,945.25,2205.57,298,Kitchener,"256,885",136.81,"1,877.6"
62,2026-02-22,CUST6851,Tablet,1339.8,1,SAVE30,Waterloo,30,1339.8,401.94,937.86,210,Waterloo,"121,436",64.06,"1,895.8"
63,2026-08-10,CUST1479,Mouse,948.81,5,SAVE20,Ottawa,20,4744.05,948.81,3795.24,41,Ottawa,"1,017,449",2788.2,364.9
64,2026-04-18,CUST3599,Keyboard,1443.54,3,NO_COUPON,Kitchener,0,4330.62,0.0,4330.62,155,Kitchener,"256,885",136.81,"1,877.6"
65,2026-04-30,CUST7226,Keyboard,907.7,2,NO_COUPON,Waterloo,0,1815.4,0.0,1815.4,143,Waterloo,"121,436",64.06,"1,895.8"
66,2025-10-09,CUST1928,Smartphone,1829.12,3,NO_COUPON,Ottawa,0,5487.36,0.0,5487.36,346,Ottawa,"1,017,449",2788.2,364.9
67,2025-10-27,CUST6246,Monitor,1049.08,4,SAVE20,Toronto,20,4196.32,839.26,3357.06,328,Toronto,"2,794,356",631.1,"4,427.8"
68,2026-08-09,CUST2023,Keyboard,1836.68,5,SAVE30,Kitchener,30,9183.4,2755.02,6428.38,42,Kitchener,"256,885",136.81,"1,877.6"
69,2026-06-13,CUST6071,Tablet,1250.52,2,NO_COUPON,Toronto,0,2501.04,0.0,2501.04,99,Toronto,"2,794,356",631.1,"4,427.8"
70,2026-06-22,CUST4100,Mouse,511.8,2,SAVE10,London,10,1023.6,102.36,921.24,90,London,"422,324",420.5,"1,004.3"
71,2026-09-16,CUST7842,Monitor,1743.57,5,SAVE20,Waterloo,20,8717.85,1743.57,6974.28,4,Waterloo,"121,436",64.06,"1,895.8"
72,2025-12-29,CUST1182,Smartwatch,647.47,3,SAVE20,Kitchener,20,1942.41,388.48,1553.93,265,Kitchener,"256,885",136.81,"1,877.6"
73,2026-04-23,CUST1293,Smartwatch,602.51,3,SAVE30,Toronto,30,1807.53,542.26,1265.27,150,Toronto,"2,794,356",631.1,"4,427.8"
74,2026-08-16,CUST4707,Headphones,363.52,3,SAVE30,Kitchener,30,1090.56,327.17,763.39,35,Kitchener,"256,885",136.81,"1,877.6"
75,2026-03-16,CUST5132,Keyboard,114.9,2,SAVE30,Kitchener,30,229.8,68.94,160.86,188,Kitchener,"256,885",136.81,"1,877.6"
76,2026-01-23,CUST9455,Headphones,1151.26,4,SAVE10,Waterloo,10,4605.04,460.5,4144.54,240,Waterloo,"121,436",64.06,"1,895.8"
77,2026-04-29,CUST5028,Laptop,37.03,5,SAVE10,Toronto,10,185.15,18.52,166.63,144,Toronto,"2,794,356",631.1,"4,427.8"
78,2025-11-26,CUST4237,Monitor,785.12,5,NO_COUPON,Kitchener,0,3925.6,0.0,3925.6,298,Kitchener,"256,885",136.81,"1,877.6"
79,2026-05-24,CUST3867,Laptop,1026.02,2,NO_COUPON,Toronto,0,2052.04,0.0,2052.04,119,Toronto,"2,794,356",631.1,"4,427.8"
80,2026-09-14,CUST9111,Smartwatch,146.16,5,SAVE20,Waterloo,20,730.8,146.16,584.64,6,Waterloo,"121,436",64.06,"1,895.8"
81,2026-01-04,CUST9527,Smartphone,1214.09,2,NO_COUPON,Ottawa,0,2428.18,0.0,2428.18,259,Ottawa,"1,017,449",2788.2,364.9
82,2026-08-03,CUST9785,Mouse,180.89,3,SAVE20,Kitchener,20,542.67,108.53,434.14,48,Kitchener,"256,885",136.81,"1,877.6"
83,2025-12-22,CUST7561,Headphones,912.9,1,SAVE10,Toronto,10,912.9,91.29,821.61,272,Toronto,"2,794,356",631.1,"4,427.8"
84,2026-06-23,CUST1681,Mouse,1706.93,5,NO_COUPON,Ottawa,0,8534.65,0.0,8534.65,89,Ottawa,"1,017,449",2788.2,364.9
85,2026-08-18,CUST6540,Monitor,136.47,1,SAVE10,Toronto,10,136.47,13.65,122.82,33,Toronto,"2,794,356",631.1,"4,427.8"
86,2025-09-23,CUST4669,Headphones,353.56,1,SAVE20,Ottawa,20,353.56,70.71,282.85,362,Ottawa,"1,017,449",2788.2,364.9
87,2026-09-08,CUST2955,Smartwatch,1067.85,4,SAVE10,Ottawa,10,4271.4,427.14,3844.26,12,Ottawa,"1,017,449",2788.2,364.9
88,2026-03-12,CUST8250,Tablet,1322.84,5,SAVE10,Kitchener,10,6614.2,661.42,5952.78,192,Kitchener,"256,885",136.81,"1,877.6"
89,2025-12-28,CUST9847,Mouse,627.31,2,SAVE20,Kitchener,20,1254.62,250.92,1003.7,266,Kitchener,"256,885",136.81,"1,877.6"
90,2026-01-07,CUST6679,Headphones,467.05,1,SAVE30,Kitchener,30,467.05,140.12,326.93,256,Kitchener,"256,885",136.81,"1,877.6"
91,2026-09-16,CUST7515,Monitor,1388.41,5,SAVE20,London,20,6942.05,1388.41,5553.64,4,London,"422,324",420.5,"1,004.3"
92,2025-09-27,CUST4243,Keyboard,169.48,3,SAVE30,London,30,508.44,152.53,355.91,358,London,"422,324",420.5,"1,004.3"
93,2026-02-26,CUST1854,Mouse,1394.47,1,SAVE10,London,10,1394.47,139.45,1255.02,206,London,"422,324",420.5,"1,004.3"
94,2026-04-09,CUST1505,Headphones,1948.59,1,SAVE20,Ottawa,20,1948.59,389.72,1558.87,164,Ottawa,"1,017,449",2788.2,364.9
95,2025-10-31,CUST4515,Keyboard,1800.62,5,NO_COUPON,London,0,9003.1,0.0,9003.1,324,London,"422,324",420.5,"1,004.3"
96,2025-10-20,CUST1096,Smartphone,299.05,3,SAVE10,Kitchener,10,897.15,89.72,807.43,335,Kitchener,"256,885",136.81,"1,877.6"
97,2026-06-04,CUST9991,Smartwatch,251.57,2,SAVE30,Kitchener,30,503.14,150.94,352.2,108,Kitchener,"256,885",136.81,"1,877.6"
98,2026-03-10,CUST9628,Keyboard,218.21,1,SAVE30,Waterloo,30,218.21,65.46,152.75,194,Waterloo,"121,436",64.06,"1,895.8"
99,2026-05-24,CUST1483,Monitor,1790.78,5,SAVE20,Toronto,20,8953.9,1790.78,7163.12,119,Toronto,"2,794,356",631.1,"4,427.8"
100,2026-02-15,CUST2761,Laptop,616.35,2,NO_COUPON,Kitchener,0,1232.7,0.0,1232.7,217,Kitchener,"256,885",136.81,"1,877.6"
101,2026-05-08,CUST4868,Laptop,655.39,5,SAVE10,Waterloo,10,3276.95,327.7,2949.25,135,Waterloo,"121,436",64.06,"1,895.8"
102,2026-03-23,CUST3171,Headphones,1049.78,3,SAVE30,Toronto,30,3149.34,944.8,2204.54,181,Toronto,"2,794,356",631.1,"4,427.8"
103,2026-03-17,CUST1077,Headphones,1634.39,5,NO_COUPON,Ottawa,0,8171.95,0.0,8171.95,187,Ottawa,"1,017,449",2788.2,364.9
104,2026-03-23,CUST1604,Smartphone,1405.06,3,SAVE30,Kitchener,30,4215.18,1264.55,2950.63,181,Kitchener,"256,885",136.81,"1,877.6"
105,2026-02-14,CUST4355,Tablet,1779.24,5,SAVE30,Ottawa,30,8896.2,2668.86,6227.34,218,Ottawa,"1,017,449",2788.2,364.9
106,2025-11-28,CUST3259,Tablet,506.4,5,SAVE10,Waterloo,10,2532.0,253.2,2278.8,296,Waterloo,"121,436",64.06,"1,895.8"
107,2026-09-12,CUST7269,Keyboard,1531.78,1,SAVE30,Waterloo,30,1531.78,459.53,1072.25,8,Waterloo,"121,436",64.06,"1,895.8"
108,2025-11-11,CUST1730,Keyboard,1015.13,5,SAVE10,Toronto,10,5075.65,507.56,4568.09,313,Toronto,"2,794,356",631.1,"4,427.8"
109,2026-05-21,CUST5000,Monitor,1882.49,1,NO_COUPON,Toronto,0,1882.49,0.0,1882.49,122,Toronto,"2,794,356",631.1,"4,427.8"
110,2026-06-19,CUST6870,Keyboard,1431.9,1,SAVE20,Kitchener,20,1431.9,286.38,1145.52,93,Kitchener,"256,885",136.81,"1,877.6"
111,2025-10-20,CUST8573,Tablet,654.59,4,SAVE30,Toronto,30,2618.36,785.51,1832.85,335,Toronto,"2,794,356",631.1,"4,427.8"
112,2025-10-25,CUST6708,Laptop,1778.47,4,SAVE20,Ottawa,20,7113.88,1422.78,5691.1,330,Ottawa,"1,017,449",2788.2,364.9
113,2026-05-04,CUST9951,Headphones,1189.1,5,SAVE10,Toronto,10,5945.5,594.55,5350.95,139,Toronto,"2,794,356",631.1,"4,427.8"
114,2026-08-26,CUST8181,Smartwatch,1534.57,5,SAVE10,Toronto,10,7672.85,767.28,6905.57,25,Toronto,"2,794,356",631.1,"4,427.8"
115,2025-11-29,CUST6339,Smartwatch,59.27,2,SAVE20,Kitchener,20,118.54,23.71,94.83,295,Kitchener,"256,885",136.81,"1,877.6"
116,2025-12-27,CUST4980,Keyboard,544.37,3,SAVE30,Kitchener,30,1633.11,489.93,1143.18,267,Kitchener,"256,885",136.81,"1,877.6"
117,2026-03-08,CUST6485,Tablet,603.29,3,NO_COUPON,Ottawa,0,1809.87,0.0,1809.87,196,Ottawa,"1,017,449",2788.2,364.9
118,2026-04-20,CUST9584,Headphones,1644.92,4,SAVE10,Kitchener,10,6579.68,657.97,5921.71,153,Kitchener,"256,885",136.81,"1,877.6"
119,2026-02-26,CUST8032,Headphones,1225.89,2,SAVE30,Waterloo,30,2451.78,735.53,1716.25,206,Waterloo,"121,436",64.06,"1,895.8"
120,2026-03-20,CUST8656,Laptop,369.48,4,SAVE20,Ottawa,20,1477.92,295.58,1182.34,184,Ottawa,"1,017,449",2788.2,364.9
121,2026-06-09,CUST8274,Monitor,1926.41,2,SAVE20,Toronto,20,3852.82,770.56,3082.26,103,Toronto,"2,794,356",631.1,"4,427.8"
122,2026-01-03,CUST7383,Smartwatch,715.35,4,SAVE10,London,10,2861.4,286.14,2575.26,260,London,"422,324",420.5,"1,004.3"
123,2025-11-01,CUST1799,Mouse,1543.81,3,NO_COUPON,Toronto,0,4631.43,0.0,4631.43,323,Toronto,"2,794,356",631.1,"4,427.8"
124,2026-09-06,CUST1842,Mouse,1072.78,3,SAVE10,Waterloo,10,3218.34,321.83,2896.51,14,Waterloo,"121,436",64.06,"1,895.8"
125,2026-05-05,CUST5520,Tablet,164.33,2,NO_COUPON,Ottawa,0,328.66,0.0,328.66,138,Ottawa,"1,017,449",2788.2,364.9
126,2025-12-27,CUST2809,Keyboard,653.17,1,SAVE30,Kitchener,30,653.17,195.95,457.22,267,Kitchener,"256,885",136.81,"1,877.6"
127,2026-09-06,CUST7694,Keyboard,395.99,2,NO_COUPON,Ottawa,0,791.98,0.0,791.98,14,Ottawa,"1,017,449",2788.2,364.9
128,2025-09-25,CUST6354,Headphones,1222.25,1,NO_COUPON,Ottawa,0,1222.25,0.0,1222.25,360,Ottawa,"1,017,449",2788.2,364.9
129,2026-05-28,CUST5142,Smartwatch,1989.34,4,SAVE20,Toronto,20,7957.36,1591.47,6365.89,115,Toronto,"2,794,356",631.1,"4,427.8"
130,2025-10-22,CUST6111,Monitor,1015.55,2,SAVE30,Kitchener,30,2031.1,609.33,1421.77,333,Kitchener,"256,885",136.81,"1,877.6"
131,2026-02-12,CUST1589,Laptop,913.71,4,SAVE30,London,30,3654.84,1096.45,2558.39,220,London,"422,324",420.5,"1,004.3"
132,2026-07-20,CUST7165,Smartphone,1279.5,1,SAVE10,Waterloo,10,1279.5,127.95,1151.55,62,Waterloo,"121,436",64.06,"1,895.8"
133,2025-09-30,CUST7683,Headphones,1718.36,5,NO_COUPON,Kitchener,0,8591.8,0.0,8591.8,355,Kitchener,"256,885",136.81,"1,877.6"
134,2026-08-04,CUST3397,Mouse,1192.64,5,SAVE10,Waterloo,10,5963.2,596.32,5366.88,47,Waterloo,"121,436",64.06,"1,895.8"
135,2026-08-13,CUST4031,Smartphone,1772.73,4,NO_COUPON,Kitchener,0,7090.92,0.0,7090.92,38,Kitchener,"256,885",136.81,"1,877.6"
136,2025-12-28,CUST4441,Tablet,1407.84,1,NO_COUPON,London,0,1407.84,0.0,1407.84,266,London,"422,324",420.5,"1,004.3"
137,2025-11-26,CUST1488,Smartphone,541.58,1,NO_COUPON,Ottawa,0,541.58,0.0,541.58,298,Ottawa,"1,017,449",2788.2,364.9
138,2026-08-21,CUST9963,Tablet,277.07,3,NO_COUPON,Kitchener,0,831.21,0.0,831.21,30,Kitchener,"256,885",136.81,"1,877.6"
139,2026-06-13,CUST8280,Headphones,1641.01,5,NO_COUPON,Toronto,0,8205.05,0.0,8205.05,99,Toronto,"2,794,356",631.1,"4,427.8"
140,2026-03-01,CUST1878,Monitor,728.8,2,NO_COUPON,Toronto,0,1457.6,0.0,1457.6,203,Toronto,"2,794,356",631.1,"4,427.8"
141,2026-04-28,CUST8967,Keyboard,1000.44,2,SAVE20,Waterloo,20,2000.88,400.18,1600.7,145,Waterloo,"121,436",64.06,"1,895.8"
142,2026-06-25,CUST3499,Laptop,267.66,3,SAVE10,Waterloo,10,802.98,80.3,722.68,87,Waterloo,"121,436",64.06,"1,895.8"
143,2025-12-12,CUST8563,Laptop,545.02,1,SAVE30,London,30,545.02,163.51,381.51,282,London,"422,324",420.5,"1,004.3"
144,2026-07-29,CUST2787,Keyboard,25.24,4,NO_COUPON,Toronto,0,100.96,0.0,100.96,53,Toronto,"2,794,356",631.1,"4,427.8"
145,2025-11-29,CUST8645,Headphones,1303.06,4,SAVE30,Toronto,30,5212.24,1563.67,3648.57,295,Toronto,"2,794,356",631.1,"4,427.8"
146,2026-04-13,CUST7412,Smartwatch,1898.13,1,NO_COUPON,London,0,1898.13,0.0,1898.13,160,London,"422,324",420.5,"1,004.3"
147,2025-10-08,CUST1082,Smartphone,244.44,4,SAVE20,London,20,977.76,195.55,782.21,347,London,"422,324",420.5,"1,004.3"
148,2025-10-15,CUST6351,Headphones,654.35,4,SAVE20,Ottawa,20,2617.4,523.48,2093.92,340,Ottawa,"1,017,449",2788.2,364.9
149,2026-02-22,CUST5153,Laptop,1992.02,1,SAVE20,Ottawa,20,1992.02,398.4,1593.62,210,Ottawa,"1,017,449",2788.2,364.9
150,2026-03-01,CUST3251,Headphones,811.99,2,SAVE30,London,30,1623.98,487.19,1136.79,203,London,"422,324",420.5,"1,004.3"
151,2026-07-29,CUST9838,Laptop,512.66,3,SAVE30,Kitchener,30,1537.98,461.39,1076.59,53,Kitchener,"256,885",136.81,"1,877.6"
152,2025-11-29,CUST9474,Tablet,59.21,2,NO_COUPON,London,0,118.42,0.0,118.42,295,London,"422,324",420.5,"1,004.3"
153,2025-12-14,CUST9775,Keyboard,832.09,2,SAVE30,Toronto,30,1664.18,499.25,1164.93,280,Toronto,"2,794,356",631.1,"4,427.8"
154,2026-01-12,CUST1790,Tablet,127.05,4,NO_COUPON,Ottawa,0,508.2,0.0,508.2,251,Ottawa,"1,017,449",2788.2,364.9
155,2026-03-02,CUST8332,Smartphone,54.66,1,SAVE30,Waterloo,30,54.66,16.4,38.26,202,Waterloo,"121,436",64.06,"1,895.8"
156,2025-11-29,CUST3393,Mouse,1380.06,4,SAVE10,Ottawa,10,5520.24,552.02,4968.22,295,Ottawa,"1,017,449",2788.2,364.9
157,2026-06-29,CUST2903,Monitor,1007.35,1,SAVE10,Kitchener,10,1007.35,100.74,906.61,83,Kitchener,"256,885",136.81,"1,877.6"
158,2026-05-30,CUST7095,Keyboard,1262.59,4,NO_COUPON,Ottawa,0,5050.36,0.0,5050.36,113,Ottawa,"1,017,449",2788.2,364.9
159,2025-12-12,CUST3684,Smartphone,1676.41,2,SAVE20,London,20,3352.82,670.56,2682.26,282,London,"422,324",420.5,"1,004.3"
160,2026-08-24,CUST4173,Monitor,1554.28,3,SAVE20,Waterloo,20,4662.84,932.57,3730.27,27,Waterloo,"121,436",64.06,"1,895.8"
161,2025-12-28,CUST3384,Smartwatch,1528.84,2,SAVE10,London,10,3057.68,305.77,2751.91,266,London,"422,324",420.5,"1,004.3"
162,2025-11-16,CUST3783,Keyboard,1444.53,2,NO_COUPON,Toronto,0,2889.06,0.0,2889.06,308,Toronto,"2,794,356",631.1,"4,427.8"
163,2025-10-18,CUST3497,Smartphone,673.14,3,SAVE10,Waterloo,10,2019.42,201.94,1817.48,337,Waterloo,"121,436",64.06,"1,895.8"
164,2025-12-11,CUST4427,Smartwatch,1115.72,1,SAVE20,Waterloo,20,1115.72,223.14,892.58,283,Waterloo,"121,436",64.06,"1,895.8"
165,2025-12-12,CUST4546,Keyboard,1932.8,2,SAVE10,Kitchener,10,3865.6,386.56,3479.04,282,Kitchener,"256,885",136.81,"1,877.6"
166,2026-05-28,CUST6431,Smartwatch,240.08,2,SAVE20,Kitchener,20,480.16,96.03,384.13,115,Kitchener,"256,885",136.81,"1,877.6"
167,2026-04-02,CUST9428,Smartwatch,717.53,4,SAVE20,London,20,2870.12,574.02,2296.1,171,London,"422,324",420.5,"1,004.3"
168,2026-09-01,CUST2132,Smartwatch,1014.42,1,SAVE30,Waterloo,30,1014.42,304.33,710.09,19,Waterloo,"121,436",64.06,"1,895.8"
169,2026-03-15,CUST4130,Headphones,1843.48,1,SAVE20,Ottawa,20,1843.48,368.7,1474.78,189,Ottawa,"1,017,449",2788.2,364.9
170,2026-06-20,CUST3051,Headphones,1222.92,1,NO_COUPON,Ottawa,0,1222.92,0.0,1222.92,92,Ottawa,"1,017,449",2788.2,364.9
171,2025-11-30,CUST9946,Smartwatch,1964.61,2,NO_COUPON,London,0,3929.22,0.0,3929.22,294,London,"422,324",420.5,"1,004.3"
172,2026-08-20,CUST6454,Mouse,943.88,3,SAVE30,London,30,2831.64,849.49,1982.15,31,London,"422,324",420.5,"1,004.3"
173,2026-07-20,CUST1748,Keyboard,1126.39,4,SAVE20,Toronto,20,4505.56,901.11,3604.45,62,Toronto,"2,794,356",631.1,"4,427.8"
174,2026-08-12,CUST8674,Monitor,1031.93,1,SAVE20,Kitchener,20,1031.93,206.39,825.54,39,Kitchener,"256,885",136.81,"1,877.6"
175,2026-07-19,CUST7500,Smartwatch,1744.36,2,SAVE20,Waterloo,20,3488.72,697.74,2790.98,63,Waterloo,"121,436",64.06,"1,895.8"
176,2026-05-25,CUST9234,Headphones,695.69,5,SAVE20,Ottawa,20,3478.45,695.69,2782.76,118,Ottawa,"1,017,449",2788.2,364.9
177,2026-08-24,CUST4065,Smartphone,900.99,5,SAVE10,Waterloo,10,4504.95,450.5,4054.45,27,Waterloo,"121,436",64.06,"1,895.8"
178,2026-03-12,CUST3731,Mouse,955.58,2,SAVE10,Ottawa,10,1911.16,191.12,1720.04,192,Ottawa,"1,017,449",2788.2,364.9
179,2025-12-14,CUST1217,Headphones,1043.8,5,NO_COUPON,Toronto,0,5219.0,0.0,5219.0,280,Toronto,"2,794,356",631.1,"4,427.8"
180,2025-10-21,CUST8570,Smartwatch,442.36,3,NO_COUPON,Waterloo,0,1327.08,0.0,1327.08,334,Waterloo,"121,436",64.06,"1,895.8"
181,2026-03-23,CUST1796,Monitor,1037.02,2,SAVE30,Waterloo,30,2074.04,622.21,1451.83,181,Waterloo,"121,436",64.06,"1,895.8"
182,2026-09-19,CUST1955,Smartphone,1833.89,1,SAVE10,Ottawa,10,1833.89,183.39,1650.5,1,Ottawa,"1,017,449",2788.2,364.9
183,2025-11-18,CUST7066,Monitor,1652.08,1,SAVE20,Kitchener,20,1652.08,330.42,1321.66,306,Kitchener,"256,885",136.81,"1,877.6"
184,2025-11-21,CUST1331,Smartphone,618.32,2,NO_COUPON,Waterloo,0,1236.64,0.0,1236.64,303,Waterloo,"121,436",64.06,"1,895.8"
185,2026-08-30,CUST5279,Smartwatch,1575.85,4,NO_COUPON,Ottawa,0,6303.4,0.0,6303.4,21,Ottawa,"1,017,449",2788.2,364.9
186,2026-05-24,CUST2595,Smartwatch,1171.78,2,SAVE30,Kitchener,30,2343.56,703.07,1640.49,119,Kitchener,"256,885",136.81,"1,877.6"
187,2025-12-15,CUST5625,Monitor,819.03,2,NO_COUPON,Kitchener,0,1638.06,0.0,1638.06,279,Kitchener,"256,885",136.81,"1,877.6"
188,2025-10-08,CUST5099,Keyboard,700.3,5,SAVE30,Waterloo,30,3501.5,1050.45,2451.05,347,Waterloo,"121,436",64.06,"1,895.8"
189,2026-05-31,CUST7169,Smartphone,538.6,4,SAVE20,London,20,2154.4,430.88,1723.52,112,London,"422,324",420.5,"1,004.3"
190,2026-03-22,CUST3464,Tablet,1049.25,4,SAVE30,London,30,4197.0,1259.1,2937.9,182,London,"422,324",420.5,"1,004.3"
191,2026-05-02,CUST1001,Smartphone,1289.58,5,SAVE30,Toronto,30,6447.9,1934.37,4513.53,141,Toronto,"2,794,356",631.1,"4,427.8"
192,2026-09-11,CUST4469,Keyboard,757.03,4,SAVE30,Kitchener,30,3028.12,908.44,2119.68,9,Kitchener,"256,885",136.81,"1,877.6"
193,2025-10-31,CUST8687,Mouse,880.7,3,SAVE30,London,30,2642.1,792.63,1849.47,324,London,"422,324",420.5,"1,004.3"
194,2026-05-16,CUST1058,Mouse,1759.43,5,NO_COUPON,Waterloo,0,8797.15,0.0,8797.15,127,Waterloo,"121,436",64.06,"1,895.8"
195,2026-03-20,CUST6753,Mouse,1351.74,3,SAVE30,Kitchener,30,4055.22,1216.57,2838.65,184,Kitchener,"256,885",136.81,"1,877.6"
196,2026-04-13,CUST1377,Tablet,225.66,2,NO_COUPON,Toronto,0,451.32,0.0,451.32,160,Toronto,"2,794,356",631.1,"4,427.8"
197,2025-12-11,CUST9198,Headphones,1188.95,2,SAVE10,Ottawa,10,2377.9,237.79,2140.11,283,Ottawa,"1,017,449",2788.2,364.9
198,2025-10-22,CUST7541,Smartphone,793.03,4,SAVE30,Waterloo,30,3172.12,951.64,2220.48,333,Waterloo,"121,436",64.06,"1,895.8"
199,2026-07-30,CUST8613,Smartphone,457.38,1,SAVE10,Waterloo,10,457.38,45.74,411.64,52,Waterloo,"121,436",64.06,"1,895.8"
200,2026-02-14,CUST1381,Smartphone,1028.43,5,SAVE20,Kitchener,20,5142.15,1028.43,4113.72,218,Kitchener,"256,885",136.81,"1,877.6"
201,2026-01-07,CUST6418,Laptop,1615.6,5,SAVE30,London,30,8078.0,2423.4,5654.6,256,London,"422,324",420.5,"1,004.3"
202,2025-10-03,CUST4033,Smartwatch,777.16,3,NO_COUPON,Ottawa,0,2331.48,0.0,2331.48,352,Ottawa,"1,017,449",2788.2,364.9
203,2026-02-28,CUST6783,Tablet,646.39,3,SAVE20,Kitchener,20,1939.17,387.83,1551.34,204,Kitchener,"256,885",136.81,"1,877.6"
204,2026-01-02,CUST7202,Headphones,456.05,1,SAVE20,London,20,456.05,91.21,364.84,261,London,"422,324",420.5,"1,004.3"
205,2025-09-23,CUST6872,Monitor,740.32,5,NO_COUPON,London,0,3701.6,0.0,3701.6,362,London,"422,324",420.5,"1,004.3"
206,2026-07-29,CUST3637,Tablet,38.0,2,SAVE10,London,10,76.0,7.6,68.4,53,London,"422,324",420.5,"1,004.3"
207,2026-08-26,CUST9973,Headphones,1364.4,1,SAVE20,Ottawa,20,1364.4,272.88,1091.52,25,Ottawa,"1,017,449",2788.2,364.9
208,2026-05-24,CUST4450,Headphones,1869.18,1,SAVE20,Ottawa,20,1869.18,373.84,1495.34,119,Ottawa,"1,017,449",2788.2,364.9
209,2026-07-12,CUST9636,Monitor,959.74,4,SAVE10,Ottawa,10,3838.96,383.9,3455.06,70,Ottawa,"1,017,449",2788.2,364.9
210,2026-01-10,CUST3102,Tablet,1399.58,5,SAVE30,London,30,6997.9,2099.37,4898.53,253,London,"422,324",420.5,"1,004.3"
211,2026-09-15,CUST4629,Mouse,173.23,5,SAVE20,London,20,866.15,173.23,692.92,5,London,"422,324",420.5,"1,004.3"
212,2026-02-02,CUST7430,Headphones,368.34,5,SAVE10,London,10,1841.7,184.17,1657.53,230,London,"422,324",420.5,"1,004.3"
213,2026-07-31,CUST3735,Monitor,555.23,5,SAVE20,Kitchener,20,2776.15,555.23,2220.92,51,Kitchener,"256,885",136.81,"1,877.6"
214,2026-08-21,CUST7200,Laptop,1884.66,1,SAVE30,Toronto,30,1884.66,565.4,1319.26,30,Toronto,"2,794,356",631.1,"4,427.8"
215,2025-10-22,CUST3477,Mouse,1793.62,3,NO_COUPON,London,0,5380.86,0.0,5380.86,333,London,"422,324",420.5,"1,004.3"
216,2026-07-29,CUST2538,Smartwatch,427.94,3,SAVE10,Toronto,10,1283.82,128.38,1155.44,53,Toronto,"2,794,356",631.1,"4,427.8"
217,2025-09-24,CUST3192,Tablet,980.21,4,SAVE10,London,10,3920.84,392.08,3528.76,361,London,"422,324",420.5,"1,004.3"
218,2026-09-13,CUST7553,Keyboard,1836.78,4,NO_COUPON,London,0,7347.12,0.0,7347.12,7,London,"422,324",420.5,"1,004.3"
219,2026-09-03,CUST5657,Monitor,1785.71,4,NO_COUPON,Waterloo,0,7142.84,0.0,7142.84,17,Waterloo,"121,436",64.06,"1,895.8"
220,2026-04-17,CUST9383,Monitor,1715.47,3,SAVE20,Waterloo,20,5146.41,1029.28,4117.13,156,Waterloo,"121,436",64.06,"1,895.8"
221,2025-12-23,CUST3855,Smartwatch,1942.26,4,SAVE20,Waterloo,20,7769.04,1553.81,6215.23,271,Waterloo,"121,436",64.06,"1,895.8"
222,2026-09-04,CUST1294,Smartwatch,1751.72,2,SAVE30,Waterloo,30,3503.44,1051.03,2452.41,16,Waterloo,"121,436",64.06,"1,895.8"
223,2026-03-20,CUST4108,Tablet,61.46,2,SAVE30,Kitchener,30,122.92,36.88,86.04,184,Kitchener,"256,885",136.81,"1,877.6"
224,2026-02-01,CUST1527,Monitor,1744.53,2,NO_COUPON,Waterloo,0,3489.06,0.0,3489.06,231,Waterloo,"121,436",64.06,"1,895.8"
225,2026-07-20,CUST9936,Smartwatch,130.13,1,SAVE30,Toronto,30,130.13,39.04,91.09,62,Toronto,"2,794,356",631.1,"4,427.8"
226,2026-02-04,CUST1744,Laptop,651.6,4,SAVE30,London,30,2606.4,781.92,1824.48,228,London,"422,324",420.5,"1,004.3"
227,2026-04-13,CUST3195,Smartphone,550.76,3,SAVE30,Toronto,30,1652.28,495.68,1156.6,160,Toronto,"2,794,356",631.1,"4,427.8"
228,2026-05-23,CUST1048,Mouse,1668.67,1,SAVE30,Kitchener,30,1668.67,500.6,1168.07,120,Kitchener,"256,885",136.81,"1,877.6"
229,2026-02-16,CUST1415,Monitor,1918.87,2,SAVE10,Ottawa,10,3837.74,383.77,3453.97,216,Ottawa,"1,017,449",2788.2,364.9
230,2026-01-06,CUST3258,Smartphone,1934.6,2,SAVE30,London,30,3869.2,1160.76,2708.44,257,London,"422,324",420.5,"1,004.3"
231,2026-01-19,CUST9645,Laptop,1170.75,5,SAVE20,Toronto,20,5853.75,1170.75,4683.0,244,Toronto,"2,794,356",631.1,"4,427.8"
232,2025-12-26,CUST5866,Mouse,833.94,1,SAVE20,Waterloo,20,833.94,166.79,667.15,268,Waterloo,"121,436",64.06,"1,895.8"
233,2026-05-18,CUST5517,Keyboard,1513.65,2,SAVE30,London,30,3027.3,908.19,2119.11,125,London,"422,324",420.5,"1,004.3"
234,2026-05-24,CUST8907,Keyboard,641.6,5,NO_COUPON,Ottawa,0,3208.0,0.0,3208.0,119,Ottawa,"1,017,449",2788.2,364.9
235,2025-10-25,CUST3119,Headphones,1787.92,4,SAVE20,Toronto,20,7151.68,1430.34,5721.34,330,Toronto,"2,794,356",631.1,"4,427.8"
236,2026-06-13,CUST1221,Monitor,1598.08,5,SAVE20,Kitchener,20,7990.4,1598.08,6392.32,99,Kitchener,"256,885",136.81,"1,877.6"
237,2026-07-04,CUST7852,Headphones,240.83,1,NO_COUPON,Waterloo,0,240.83,0.0,240.83,78,Waterloo,"121,436",64.06,"1,895.8"
238,2026-09-12,CUST3166,Mouse,301.4,2,NO_COUPON,Ottawa,0,602.8,0.0,602.8,8,Ottawa,"1,017,449",2788.2,364.9
239,2025-10-31,CUST4474,Headphones,491.05,4,SAVE30,Kitchener,30,1964.2,589.26,1374.94,324,Kitchener,"256,885",136.81,"1,877.6"
240,2025-10-26,CUST5794,Tablet,1814.83,4,SAVE20,London,20,7259.32,1451.86,5807.46,329,London,"422,324",420.5,"1,004.3"
241,2026-01-18,CUST2188,Smartphone,882.96,4,SAVE10,Ottawa,10,3531.84,353.18,3178.66,245,Ottawa,"1,017,449",2788.2,364.9
242,2026-06-12,CUST7715,Laptop,1543.77,4,SAVE20,Kitchener,20,6175.08,1235.02,4940.06,100,Kitchener,"256,885",136.81,"1,877.6"
243,2025-11-25,CUST4719,Keyboard,1788.4,4,SAVE20,London,20,7153.6,1430.72,5722.88,299,London,"422,324",420.5,"1,004.3"
244,2026-01-21,CUST2328,Laptop,390.19,1,SAVE30,Ottawa,30,390.19,117.06,273.13,242,Ottawa,"1,017,449",2788.2,364.9
245,2026-08-30,CUST8585,Laptop,389.41,2,SAVE30,London,30,778.82,233.65,545.17,21,London,"422,324",420.5,"1,004.3"
246,2026-08-20,CUST6246,Monitor,801.05,5,SAVE10,Toronto,10,4005.25,400.52,3604.73,31,Toronto,"2,794,356",631.1,"4,427.8"
247,2025-12-08,CUST5917,Mouse,355.54,2,NO_COUPON,Kitchener,0,711.08,0.0,711.08,286,Kitchener,"256,885",136.81,"1,877.6"
248,2026-01-04,CUST6626,Laptop,805.67,4,SAVE30,London,30,3222.68,966.8,2255.88,259,London,"422,324",420.5,"1,004.3"
249,2026-05-03,CUST9805,Keyboard,1158.48,3,SAVE30,Ottawa,30,3475.44,1042.63,2432.81,140,Ottawa,"1,017,449",2788.2,364.9
250,2026-08-29,CUST4059,Keyboard,222.09,3,SAVE20,London,20,666.27,133.25,533.02,22,London,"422,324",420.5,"1,004.3"
251,2026-07-07,CUST5959,Tablet,84.4,1,NO_COUPON,Ottawa,0,84.4,0.0,84.4,75,Ottawa,"1,017,449",2788.2,364.9
252,2026-05-26,CUST3427,Laptop,1626.13,5,SAVE30,Waterloo,30,8130.65,2439.2,5691.45,117,Waterloo,"121,436",64.06,"1,895.8"
253,2026-05-07,CUST8971,Smartphone,206.95,3,SAVE30,Waterloo,30,620.85,186.26,434.59,136,Waterloo,"121,436",64.06,"1,895.8"
254,2025-12-02,CUST4699,Tablet,1877.91,2,NO_COUPON,Waterloo,0,3755.82,0.0,3755.82,292,Waterloo,"121,436",64.06,"1,895.8"
255,2026-06-08,CUST3558,Laptop,900.54,2,SAVE10,Ottawa,10,1801.08,180.11,1620.97,104,Ottawa,"1,017,449",2788.2,364.9
256,2026-04-11,CUST8406,Smartphone,705.3,3,SAVE20,Kitchener,20,2115.9,423.18,1692.72,162,Kitchener,"256,885",136.81,"1,877.6"
257,2025-12-21,CUST8511,Smartwatch,1690.17,3,SAVE20,Waterloo,20,5070.51,1014.1,4056.41,273,Waterloo,"121,436",64.06,"1,895.8"
258,2026-07-08,CUST6765,Laptop,1452.91,3,SAVE20,London,20,4358.73,871.75,3486.98,74,London,"422,324",420.5,"1,004.3"
259,2026-03-21,CUST9715,Smartwatch,353.0,4,SAVE30,London,30,1412.0,423.6,988.4,183,London,"422,324",420.5,"1,004.3"
260,2025-10-21,CUST9877,Tablet,478.67,3,SAVE30,Ottawa,30,1436.01,430.8,1005.21,334,Ottawa,"1,017,449",2788.2,364.9
261,2026-08-23,CUST2979,Monitor,1064.67,2,NO_COUPON,Ottawa,0,2129.34,0.0,2129.34,28,Ottawa,"1,017,449",2788.2,364.9
262,2025-12-17,CUST5800,Smartwatch,692.45,2,NO_COUPON,London,0,1384.9,0.0,1384.9,277,London,"422,324",420.5,"1,004.3"
263,2026-05-28,CUST6014,Keyboard,1728.75,5,NO_COUPON,Toronto,0,8643.75,0.0,8643.75,115,Toronto,"2,794,356",631.1,"4,427.8"
264,2026-07-31,CUST4024,Headphones,1150.75,5,SAVE30,Kitchener,30,5753.75,1726.12,4027.63,51,Kitchener,"256,885",136.81,"1,877.6"
265,2026-08-22,CUST5788,Keyboard,1082.43,4,SAVE10,Toronto,10,4329.72,432.97,3896.75,29,Toronto,"2,794,356",631.1,"4,427.8"
266,2026-08-20,CUST7855,Monitor,1889.95,5,NO_COUPON,Ottawa,0,9449.75,0.0,9449.75,31,Ottawa,"1,017,449",2788.2,364.9
267,2026-06-01,CUST6338,Tablet,1304.52,3,SAVE20,London,20,3913.56,782.71,3130.85,111,London,"422,324",420.5,"1,004.3"
268,2025-11-08,CUST5458,Smartphone,1913.0,2,NO_COUPON,Ottawa,0,3826.0,0.0,3826.0,316,Ottawa,"1,017,449",2788.2,364.9
269,2026-03-05,CUST4963,Keyboard,1195.25,3,NO_COUPON,Toronto,0,3585.75,0.0,3585.75,199,Toronto,"2,794,356",631.1,"4,427.8"
270,2025-10-03,CUST9311,Smartphone,1891.13,1,NO_COUPON,London,0,1891.13,0.0,1891.13,352,London,"422,324",420.5,"1,004.3"
271,2025-10-20,CUST3088,Tablet,495.82,4,SAVE20,Waterloo,20,1983.28,396.66,1586.62,335,Waterloo,"121,436",64.06,"1,895.8"
272,2025-09-22,CUST3644,Smartwatch,636.74,5,SAVE10,Ottawa,10,3183.7,318.37,2865.33,363,Ottawa,"1,017,449",2788.2,364.9
273,2026-05-10,CUST2274,Laptop,803.29,2,SAVE30,Ottawa,30,1606.58,481.97,1124.61,133,Ottawa,"1,017,449",2788.2,364.9
274,2025-11-16,CUST4098,Smartwatch,620.81,4,SAVE30,Kitchener,30,2483.24,744.97,1738.27,308,Kitchener,"256,885",136.81,"1,877.6"
275,2026-05-17,CUST5217,Smartphone,1479.55,4,SAVE30,Ottawa,30,5918.2,1775.46,4142.74,126,Ottawa,"1,017,449",2788.2,364.9
276,2026-06-04,CUST8459,Smartwatch,1692.75,4,NO_COUPON,Waterloo,0,6771.0,0.0,6771.0,108,Waterloo,"121,436",64.06,"1,895.8"
277,2025-12-30,CUST4554,Smartphone,825.89,5,NO_COUPON,Toronto,0,4129.45,0.0,4129.45,264,Toronto,"2,794,356",631.1,"4,427.8"
278,2026-01-15,CUST4520,Smartphone,249.95,2,SAVE20,Kitchener,20,499.9,99.98,399.92,248,Kitchener,"256,885",136.81,"1,877.6"
279,2026-05-17,CUST7932,Mouse,1276.46,1,NO_COUPON,Ottawa,0,1276.46,0.0,1276.46,126,Ottawa,"1,017,449",2788.2,364.9
280,2026-08-12,CUST5620,Smartphone,1069.93,3,SAVE30,Toronto,30,3209.79,962.94,2246.85,39,Toronto,"2,794,356",631.1,"4,427.8"
281,2026-02-20,CUST6372,Tablet,752.03,5,SAVE30,Toronto,30,3760.15,1128.04,2632.11,212,Toronto,"2,794,356",631.1,"4,427.8"
282,2026-01-10,CUST7322,Monitor,157.19,4,SAVE10,Ottawa,10,628.76,62.88,565.88,253,Ottawa,"1,017,449",2788.2,364.9
283,2026-01-31,CUST7532,Smartphone,1708.21,2,NO_COUPON,London,0,3416.42,0.0,3416.42,232,London,"422,324",420.5,"1,004.3"
284,2026-05-11,CUST5336,Headphones,1021.59,2,SAVE10,London,10,2043.18,204.32,1838.86,132,London,"422,324",420.5,"1,004.3"
285,2025-11-17,CUST9276,Keyboard,756.66,3,SAVE30,London,30,2269.98,680.99,1588.99,307,London,"422,324",420.5,"1,004.3"
286,2025-10-04,CUST9110,Tablet,826.94,1,SAVE30,Kitchener,30,826.94,248.08,578.86,351,Kitchener,"256,885",136.81,"1,877.6"
287,2026-08-17,CUST5244,Mouse,1972.06,5,NO_COUPON,London,0,9860.3,0.0,9860.3,34,London,"422,324",420.5,"1,004.3"
288,2026-06-01,CUST3718,Smartphone,1898.74,4,SAVE30,Toronto,30,7594.96,2278.49,5316.47,111,Toronto,"2,794,356",631.1,"4,427.8"
289,2026-08-03,CUST5031,Monitor,1536.78,4,SAVE10,Kitchener,10,6147.12,614.71,5532.41,48,Kitchener,"256,885",136.81,"1,877.6"
290,2025-10-04,CUST4581,Smartphone,153.22,3,SAVE10,Toronto,10,459.66,45.97,413.69,351,Toronto,"2,794,356",631.1,"4,427.8"
291,2025-11-25,CUST7502,Headphones,616.04,4,SAVE10,Ottawa,10,2464.16,246.42,2217.74,299,Ottawa,"1,017,449",2788.2,364.9
292,2025-12-01,CUST6087,Headphones,949.09,1,SAVE20,London,20,949.09,189.82,759.27,293,London,"422,324",420.5,"1,004.3"
293,2026-07-07,CUST2507,Keyboard,1251.97,3,SAVE20,Toronto,20,3755.91,751.18,3004.73,75,Toronto,"2,794,356",631.1,"4,427.8"
294,2025-10-12,CUST4350,Laptop,1888.58,3,NO_COUPON,London,0,5665.74,0.0,5665.74,343,London,"422,324",420.5,"1,004.3"
295,2025-11-03,CUST3114,Keyboard,147.54,3,SAVE20,Toronto,20,442.62,88.52,354.1,321,Toronto,"2,794,356",631.1,"4,427.8"
296,2026-01-13,CUST3381,Smartwatch,1243.43,1,SAVE20,Toronto,20,1243.43,248.69,994.74,250,Toronto,"2,794,356",631.1,"4,427.8"
297,2025-12-12,CUST5639,Laptop,65.81,4,SAVE20,Toronto,20,263.24,52.65,210.59,282,Toronto,"2,794,356",631.1,"4,427.8"
298,2026-09-04,CUST8938,Laptop,1469.61,2,SAVE10,Kitchener,10,2939.22,293.92,2645.3,16,Kitchener,"256,885",136.81,"1,877.6"
299,2026-05-29,CUST6763,Smartwatch,1091.73,3,SAVE30,Kitchener,30,3275.19,982.56,2292.63,114,Kitchener,"256,885",136.81,"1,877.6"
300,2025-10-11,CUST2398,Headphones,873.24,4,SAVE10,Kitchener,10,3492.96,349.3,3143.66,344,Kitchener,"256,885",136.81,"1,877.6"
301,2025-12-21,CUST9245,Tablet,1184.69,2,SAVE20,Kitchener,20,2369.38,473.88,1895.5,273,Kitchener,"256,885",136.81,"1,877.6"
302,2025-09-23,CUST1018,Smartphone,1333.96,4,SAVE20,Ottawa,20,5335.84,1067.17,4268.67,362,Ottawa,"1,017,449",2788.2,364.9
303,2026-02-04,CUST1057,Monitor,331.85,5,SAVE20,Ottawa,20,1659.25,331.85,1327.4,228,Ottawa,"1,017,449",2788.2,364.9
304,2026-02-21,CUST7297,Monitor,1345.5,4,SAVE30,Kitchener,30,5382.0,1614.6,3767.4,211,Kitchener,"256,885",136.81,"1,877.6"
305,2025-12-23,CUST3804,Headphones,1322.24,4,NO_COUPON,Ottawa,0,5288.96,0.0,5288.96,271,Ottawa,"1,017,449",2788.2,364.9
306,2025-12-05,CUST2687,Mouse,1468.93,2,SAVE20,Toronto,20,2937.86,587.57,2350.29,289,Toronto,"2,794,356",631.1,"4,427.8"
307,2026-08-13,CUST4283,Mouse,934.87,4,NO_COUPON,Ottawa,0,3739.48,0.0,3739.48,38,Ottawa,"1,017,449",2788.2,364.9
308,2026-09-01,CUST1008,Smartwatch,427.72,5,SAVE10,London,10,2138.6,213.86,1924.74,19,London,"422,324",420.5,"1,004.3"
309,2025-11-11,CUST5475,Smartphone,1540.34,2,SAVE20,London,20,3080.68,616.14,2464.54,313,London,"422,324",420.5,"1,004.3"
310,2026-06-09,CUST6977,Smartwatch,340.19,4,SAVE30,London,30,1360.76,408.23,952.53,103,London,"422,324",420.5,"1,004.3"
311,2026-02-12,CUST9114,Smartphone,585.21,2,SAVE20,Ottawa,20,1170.42,234.08,936.34,220,Ottawa,"1,017,449",2788.2,364.9
312,2025-12-20,CUST2610,Keyboard,132.05,3,SAVE30,London,30,396.15,118.84,277.31,274,London,"422,324",420.5,"1,004.3"
313,2026-07-30,CUST5111,Monitor,1647.6,3,SAVE20,Ottawa,20,4942.8,988.56,3954.24,52,Ottawa,"1,017,449",2788.2,364.9
314,2026-04-13,CUST9052,Headphones,1494.08,4,SAVE10,Toronto,10,5976.32,597.63,5378.69,160,Toronto,"2,794,356",631.1,"4,427.8"
315,2025-12-18,CUST9822,Tablet,371.3,4,NO_COUPON,Ottawa,0,1485.2,0.0,1485.2,276,Ottawa,"1,017,449",2788.2,364.9
316,2025-10-22,CUST3155,Monitor,1469.21,3,NO_COUPON,Kitchener,0,4407.63,0.0,4407.63,333,Kitchener,"256,885",136.81,"1,877.6"
317,2026-04-09,CUST7104,Monitor,439.5,5,SAVE30,Toronto,30,2197.5,659.25,1538.25,164,Toronto,"2,794,356",631.1,"4,427.8"
318,2026-01-06,CUST6921,Tablet,510.5,3,SAVE10,London,10,1531.5,153.15,1378.35,257,London,"422,324",420.5,"1,004.3"
319,2026-01-02,CUST1063,Smartphone,1787.31,4,SAVE30,Ottawa,30,7149.24,2144.77,5004.47,261,Ottawa,"1,017,449",2788.2,364.9
320,2026-01-02,CUST9794,Smartphone,1144.63,4,NO_COUPON,London,0,4578.52,0.0,4578.52,261,London,"422,324",420.5,"1,004.3"
321,2026-02-25,CUST1017,Mouse,316.92,1,SAVE30,Waterloo,30,316.92,95.08,221.84,207,Waterloo,"121,436",64.06,"1,895.8"
322,2025-10-28,CUST4665,Monitor,1342.14,1,SAVE20,London,20,1342.14,268.43,1073.71,327,London,"422,324",420.5,"1,004.3"
323,2026-02-11,CUST2365,Monitor,1716.4,5,NO_COUPON,Toronto,0,8582.0,0.0,8582.0,221,Toronto,"2,794,356",631.1,"4,427.8"
324,2026-03-20,CUST1769,Tablet,1940.89,5,SAVE30,Waterloo,30,9704.45,2911.34,6793.11,184,Waterloo,"121,436",64.06,"1,895.8"
325,2026-03-22,CUST4036,Keyboard,1367.36,2,SAVE10,Kitchener,10,2734.72,273.47,2461.25,182,Kitchener,"256,885",136.81,"1,877.6"
326,2025-11-17,CUST1446,Laptop,36.8,2,SAVE10,Ottawa,10,73.6,7.36,66.24,307,Ottawa,"1,017,449",2788.2,364.9
327,2026-01-13,CUST5207,Laptop,467.95,5,NO_COUPON,Ottawa,0,2339.75,0.0,2339.75,250,Ottawa,"1,017,449",2788.2,364.9
328,2026-03-11,CUST9202,Laptop,1055.63,4,SAVE20,Kitchener,20,4222.52,844.5,3378.02,193,Kitchener,"256,885",136.81,"1,877.6"
329,2025-10-23,CUST5901,Headphones,820.97,2,SAVE20,Kitchener,20,1641.94,328.39,1313.55,332,Kitchener,"256,885",136.81,"1,877.6"
330,2026-05-04,CUST8603,Headphones,847.93,3,SAVE20,Toronto,20,2543.79,508.76,2035.03,139,Toronto,"2,794,356",631.1,"4,427.8"
331,2025-12-21,CUST3814,Keyboard,1565.9,4,SAVE20,Toronto,20,6263.6,1252.72,5010.88,273,Toronto,"2,794,356",631.1,"4,427.8"
332,2025-12-01,CUST2081,Tablet,1878.24,3,NO_COUPON,Waterloo,0,5634.72,0.0,5634.72,293,Waterloo,"121,436",64.06,"1,895.8"
333,2026-09-02,CUST1717,Smartwatch,653.76,4,SAVE10,London,10,2615.04,261.5,2353.54,18,London,"422,324",420.5,"1,004.3"
334,2026-01-29,CUST7851,Laptop,1151.7,3,SAVE10,London,10,3455.1,345.51,3109.59,234,London,"422,324",420.5,"1,004.3"
335,2025-12-21,CUST7679,Keyboard,1716.9,1,SAVE10,London,10,1716.9,171.69,1545.21,273,London,"422,324",420.5,"1,004.3"
336,2026-08-22,CUST4092,Tablet,1969.74,4,SAVE20,Kitchener,20,7878.96,1575.79,6303.17,29,Kitchener,"256,885",136.81,"1,877.6"
337,2025-11-25,CUST3345,Smartphone,1232.04,4,NO_COUPON,Waterloo,0,4928.16,0.0,4928.16,299,Waterloo,"121,436",64.06,"1,895.8"
338,2026-08-24,CUST8053,Smartphone,1755.22,2,NO_COUPON,Kitchener,0,3510.44,0.0,3510.44,27,Kitchener,"256,885",136.81,"1,877.6"
339,2026-02-28,CUST9595,Keyboard,1228.95,3,NO_COUPON,Toronto,0,3686.85,0.0,3686.85,204,Toronto,"2,794,356",631.1,"4,427.8"
340,2025-11-03,CUST3383,Tablet,1373.92,5,SAVE10,Kitchener,10,6869.6,686.96,6182.64,321,Kitchener,"256,885",136.81,"1,877.6"
341,2025-12-15,CUST4580,Mouse,327.22,3,NO_COUPON,Toronto,0,981.66,0.0,981.66,279,Toronto,"2,794,356",631.1,"4,427.8"
342,2025-09-27,CUST5623,Tablet,140.49,2,SAVE10,Kitchener,10,280.98,28.1,252.88,358,Kitchener,"256,885",136.81,"1,877.6"
343,2025-11-21,CUST3208,Mouse,191.52,4,SAVE10,Toronto,10,766.08,76.61,689.47,303,Toronto,"2,794,356",631.1,"4,427.8"
344,2026-09-02,CUST3526,Keyboard,146.55,1,NO_COUPON,Waterloo,0,146.55,0.0,146.55,18,Waterloo,"121,436",64.06,"1,895.8"
345,2025-12-09,CUST2775,Smartphone,715.94,5,SAVE10,Toronto,10,3579.7,357.97,3221.73,285,Toronto,"2,794,356",631.1,"4,427.8"
346,2026-07-07,CUST7749,Smartwatch,867.71,3,SAVE10,Kitchener,10,2603.13,260.31,2342.82,75,Kitchener,"256,885",136.81,"1,877.6"
347,2026-07-08,CUST5678,Mouse,429.4,2,NO_COUPON,Waterloo,0,858.8,0.0,858.8,74,Waterloo,"121,436",64.06,"1,895.8"
348,2026-08-19,CUST3976,Laptop,1303.61,2,SAVE10,London,10,2607.22,260.72,2346.5,32,London,"422,324",420.5,"1,004.3"
349,2026-02-16,CUST7863,Laptop,1286.03,4,SAVE10,Toronto,10,5144.12,514.41,4629.71,216,Toronto,"2,794,356",631.1,"4,427.8"
350,2025-11-20,CUST9753,Headphones,442.15,1,SAVE30,London,30,442.15,132.65,309.5,304,London,"422,324",420.5,"1,004.3"
351,2026-08-26,CUST1972,Smartwatch,683.13,4,SAVE10,Toronto,10,2732.52,273.25,2459.27,25,Toronto,"2,794,356",631.1,"4,427.8"
352,2026-05-01,CUST3716,Laptop,626.9,2,SAVE10,Kitchener,10,1253.8,125.38,1128.42,142,Kitchener,"256,885",136.81,"1,877.6"
353,2026-01-08,CUST6205,Mouse,998.49,4,SAVE30,London,30,3993.96,1198.19,2795.77,255,London,"422,324",420.5,"1,004.3"
354,2026-04-25,CUST3201,Keyboard,1178.57,5,SAVE20,London,20,5892.85,1178.57,4714.28,148,London,"422,324",420.5,"1,004.3"
355,2026-05-06,CUST5074,Headphones,270.95,2,SAVE20,Waterloo,20,541.9,108.38,433.52,137,Waterloo,"121,436",64.06,"1,895.8"
356,2026-07-16,CUST5818,Laptop,563.77,3,NO_COUPON,Ottawa,0,1691.31,0.0,1691.31,66,Ottawa,"1,017,449",2788.2,364.9
357,2026-06-16,CUST1684,Headphones,119.22,5,SAVE30,Ottawa,30,596.1,178.83,417.27,96,Ottawa,"1,017,449",2788.2,364.9
358,2026-08-30,CUST5626,Monitor,1802.94,2,NO_COUPON,Waterloo,0,3605.88,0.0,3605.88,21,Waterloo,"121,436",64.06,"1,895.8"
359,2026-02-18,CUST1870,Smartwatch,189.97,1,SAVE10,Ottawa,10,189.97,19.0,170.97,214,Ottawa,"1,017,449",2788.2,364.9
360,2025-12-06,CUST6029,Headphones,978.39,1,SAVE20,Kitchener,20,978.39,195.68,782.71,288,Kitchener,"256,885",136.81,"1,877.6"
361,2026-06-29,CUST6135,Keyboard,966.43,3,SAVE30,Toronto,30,2899.29,869.79,2029.5,83,Toronto,"2,794,356",631.1,"4,427.8"
362,2026-02-04,CUST4345,Smartphone,1671.31,3,SAVE20,Kitchener,20,5013.93,1002.79,4011.14,228,Kitchener,"256,885",136.81,"1,877.6"
363,2026-01-13,CUST6136,Smartphone,521.73,5,SAVE30,Waterloo,30,2608.65,782.6,1826.05,250,Waterloo,"121,436",64.06,"1,895.8"
364,2026-08-10,CUST9516,Headphones,1155.03,2,SAVE10,Waterloo,10,2310.06,231.01,2079.05,41,Waterloo,"121,436",64.06,"1,895.8"
365,2025-10-15,CUST7115,Monitor,1653.64,4,SAVE20,London,20,6614.56,1322.91,5291.65,340,London,"422,324",420.5,"1,004.3"
366,2025-12-25,CUST6951,Laptop,1874.11,2,SAVE30,Kitchener,30,3748.22,1124.47,2623.75,269,Kitchener,"256,885",136.81,"1,877.6"
367,2025-10-28,CUST6231,Keyboard,555.79,3,NO_COUPON,Kitchener,0,1667.37,0.0,1667.37,327,Kitchener,"256,885",136.81,"1,877.6"
368,2025-09-29,CUST2894,Smartphone,935.05,5,SAVE10,Waterloo,10,4675.25,467.52,4207.73,356,Waterloo,"121,436",64.06,"1,895.8"
369,2025-12-08,CUST8015,Tablet,28.47,5,SAVE20,Kitchener,20,142.35,28.47,113.88,286,Kitchener,"256,885",136.81,"1,877.6"
370,2025-12-29,CUST1381,Headphones,1597.72,3,NO_COUPON,Ottawa,0,4793.16,0.0,4793.16,265,Ottawa,"1,017,449",2788.2,364.9
371,2026-06-08,CUST4847,Mouse,635.99,3,NO_COUPON,Ottawa,0,1907.97,0.0,1907.97,104,Ottawa,"1,017,449",2788.2,364.9
372,2026-03-02,CUST8936,Smartphone,999.38,2,SAVE20,London,20,1998.76,399.75,1599.01,202,London,"422,324",420.5,"1,004.3"
373,2025-10-28,CUST2809,Headphones,389.27,2,NO_COUPON,Waterloo,0,778.54,0.0,778.54,327,Waterloo,"121,436",64.06,"1,895.8"
374,2026-04-23,CUST5369,Smartwatch,1061.12,2,SAVE10,London,10,2122.24,212.22,1910.02,150,London,"422,324",420.5,"1,004.3"
375,2026-04-22,CUST9420,Headphones,1619.79,2,SAVE10,London,10,3239.58,323.96,2915.62,151,London,"422,324",420.5,"1,004.3"
376,2026-01-25,CUST5174,Keyboard,707.52,4,NO_COUPON,Ottawa,0,2830.08,0.0,2830.08,238,Ottawa,"1,017,449",2788.2,364.9
377,2025-12-12,CUST9763,Headphones,1522.29,5,SAVE20,London,20,7611.45,1522.29,6089.16,282,London,"422,324",420.5,"1,004.3"
378,2025-09-26,CUST3813,Smartwatch,25.09,1,SAVE20,London,20,25.09,5.02,20.07,359,London,"422,324",420.5,"1,004.3"
379,2026-07-10,CUST2553,Keyboard,410.61,2,SAVE10,Ottawa,10,821.22,82.12,739.1,72,Ottawa,"1,017,449",2788.2,364.9
380,2026-02-05,CUST5589,Laptop,1309.45,3,SAVE20,Toronto,20,3928.35,785.67,3142.68,227,Toronto,"2,794,356",631.1,"4,427.8"
381,2026-04-18,CUST2891,Tablet,1213.36,4,SAVE10,London,10,4853.44,485.34,4368.1,155,London,"422,324",420.5,"1,004.3"
382,2025-11-11,CUST4319,Mouse,504.96,1,NO_COUPON,Kitchener,0,504.96,0.0,504.96,313,Kitchener,"256,885",136.81,"1,877.6"
383,2026-06-26,CUST9030,Tablet,1002.82,4,NO_COUPON,Toronto,0,4011.28,0.0,4011.28,86,Toronto,"2,794,356",631.1,"4,427.8"
384,2025-10-16,CUST2357,Laptop,1949.7,5,SAVE10,Waterloo,10,9748.5,974.85,8773.65,339,Waterloo,"121,436",64.06,"1,895.8"
385,2026-01-04,CUST1805,Smartphone,190.5,4,SAVE10,London,10,762.0,76.2,685.8,259,London,"422,324",420.5,"1,004.3"
386,2025-12-23,CUST1160,Keyboard,1001.59,4,SAVE20,Kitchener,20,4006.36,801.27,3205.09,271,Kitchener,"256,885",136.81,"1,877.6"
387,2026-02-09,CUST4856,Mouse,570.35,1,NO_COUPON,Waterloo,0,570.35,0.0,570.35,223,Waterloo,"121,436",64.06,"1,895.8"
388,2026-01-21,CUST2148,Keyboard,1055.46,5,SAVE30,Waterloo,30,5277.3,1583.19,3694.11,242,Waterloo,"121,436",64.06,"1,895.8"
389,2026-01-27,CUST6913,Monitor,898.42,5,SAVE10,Waterloo,10,4492.1,449.21,4042.89,236,Waterloo,"121,436",64.06,"1,895.8"
390,2026-05-06,CUST4698,Keyboard,950.5,3,SAVE30,Kitchener,30,2851.5,855.45,1996.05,137,Kitchener,"256,885",136.81,"1,877.6"
391,2026-09-01,CUST7879,Keyboard,1771.97,4,SAVE10,Ottawa,10,7087.88,708.79,6379.09,19,Ottawa,"1,017,449",2788.2,364.9
392,2025-09-24,CUST8022,Tablet,1156.54,1,NO_COUPON,Toronto,0,1156.54,0.0,1156.54,361,Toronto,"2,794,356",631.1,"4,427.8"
393,2025-10-23,CUST5187,Monitor,1540.43,3,SAVE10,Kitchener,10,4621.29,462.13,4159.16,332,Kitchener,"256,885",136.81,"1,877.6"
394,2026-09-18,CUST6901,Smartwatch,1067.15,1,SAVE20,London,20,1067.15,213.43,853.72,2,London,"422,324",420.5,"1,004.3"
395,2025-10-02,CUST8137,Mouse,1381.65,2,SAVE20,Kitchener,20,2763.3,552.66,2210.64,353,Kitchener,"256,885",136.81,"1,877.6"
396,2026-03-01,CUST7072,Headphones,168.69,5,SAVE30,Waterloo,30,843.45,253.04,590.41,203,Waterloo,"121,436",64.06,"1,895.8"
397,2026-01-19,CUST9254,Smartphone,1685.19,5,NO_COUPON,Waterloo,0,8425.95,0.0,8425.95,244,Waterloo,"121,436",64.06,"1,895.8"
398,2026-09-14,CUST7563,Laptop,157.06,1,SAVE30,Waterloo,30,157.06,47.12,109.94,6,Waterloo,"121,436",64.06,"1,895.8"
399,2026-02-07,CUST6564,Tablet,1940.78,5,SAVE30,London,30,9703.9,2911.17,6792.73,225,London,"422,324",420.5,"1,004.3"
400,2026-05-12,CUST9396,Headphones,227.89,2,SAVE30,Kitchener,30,455.78,136.73,319.05,131,Kitchener,"256,885",136.81,"1,877.6"
401,2026-09-20,CUST1331,Smartwatch,447.78,3,SAVE10,Ottawa,10,1343.34,134.33,1209.01,0,Ottawa,"1,017,449",2788.2,364.9
402,2026-06-08,CUST3331,Headphones,52.12,5,NO_COUPON,Toronto,0,260.6,0.0,260.6,104,Toronto,"2,794,356",631.1,"4,427.8"
403,2025-11-14,CUST7330,Keyboard,1639.86,5,SAVE30,London,30,8199.3,2459.79,5739.51,310,London,"422,324",420.5,"1,004.3"
404,2026-08-06,CUST7990,Keyboard,1202.14,5,SAVE20,London,20,6010.7,1202.14,4808.56,45,London,"422,324",420.5,"1,004.3"
405,2026-05-02,CUST2576,Smartphone,1135.1,5,SAVE30,Toronto,30,5675.5,1702.65,3972.85,141,Toronto,"2,794,356",631.1,"4,427.8"
406,2026-05-01,CUST5635,Headphones,878.45,2,SAVE20,Kitchener,20,1756.9,351.38,1405.52,142,Kitchener,"256,885",136.81,"1,877.6"
407,2026-06-01,CUST8576,Mouse,1769.59,2,NO_COUPON,Waterloo,0,3539.18,0.0,3539.18,111,Waterloo,"121,436",64.06,"1,895.8"
408,2025-11-20,CUST5593,Smartwatch,455.45,1,SAVE30,Kitchener,30,455.45,136.64,318.81,304,Kitchener,"256,885",136.81,"1,877.6"
409,2026-07-15,CUST5230,Laptop,1773.87,3,SAVE10,Ottawa,10,5321.61,532.16,4789.45,67,Ottawa,"1,017,449",2788.2,364.9
410,2026-07-16,CUST7257,Mouse,1504.91,1,SAVE10,London,10,1504.91,150.49,1354.42,66,London,"422,324",420.5,"1,004.3"
411,2026-08-01,CUST6252,Mouse,533.88,1,SAVE30,Ottawa,30,533.88,160.16,373.72,50,Ottawa,"1,017,449",2788.2,364.9
412,2025-12-24,CUST2295,Keyboard,1811.51,5,SAVE10,Ottawa,10,9057.55,905.76,8151.79,270,Ottawa,"1,017,449",2788.2,364.9
413,2026-01-05,CUST7350,Smartphone,400.14,1,SAVE10,Toronto,10,400.14,40.01,360.13,258,Toronto,"2,794,356",631.1,"4,427.8"
414,2026-05-20,CUST8770,Tablet,881.56,2,SAVE20,Kitchener,20,1763.12,352.62,1410.5,123,Kitchener,"256,885",136.81,"1,877.6"
415,2025-11-15,CUST9560,Smartphone,1424.0,5,NO_COUPON,Kitchener,0,7120.0,0.0,7120.0,309,Kitchener,"256,885",136.81,"1,877.6"
416,2026-05-22,CUST6240,Smartphone,292.39,4,NO_COUPON,Waterloo,0,1169.56,0.0,1169.56,121,Waterloo,"121,436",64.06,"1,895.8"
417,2025-11-29,CUST7260,Smartwatch,1869.97,1,SAVE20,Kitchener,20,1869.97,373.99,1495.98,295,Kitchener,"256,885",136.81,"1,877.6"
418,2026-07-04,CUST7408,Smartphone,1475.74,1,SAVE30,Ottawa,30,1475.74,442.72,1033.02,78,Ottawa,"1,017,449",2788.2,364.9
419,2025-10-01,CUST8695,Keyboard,1487.1,3,SAVE20,Ottawa,20,4461.3,892.26,3569.04,354,Ottawa,"1,017,449",2788.2,364.9
420,2026-08-14,CUST1506,Headphones,804.61,4,NO_COUPON,Kitchener,0,3218.44,0.0,3218.44,37,Kitchener,"256,885",136.81,"1,877.6"
421,2026-03-08,CUST3268,Laptop,418.62,5,NO_COUPON,London,0,2093.1,0.0,2093.1,196,London,"422,324",420.5,"1,004.3"
422,2026-02-08,CUST7826,Mouse,1521.03,1,SAVE20,Ottawa,20,1521.03,304.21,1216.82,224,Ottawa,"1,017,449",2788.2,364.9
423,2026-05-30,CUST1148,Headphones,877.39,4,SAVE20,London,20,3509.56,701.91,2807.65,113,London,"422,324",420.5,"1,004.3"
424,2026-05-08,CUST9905,Monitor,308.87,2,NO_COUPON,London,0,617.74,0.0,617.74,135,London,"422,324",420.5,"1,004.3"
425,2025-12-13,CUST2224,Smartphone,428.11,4,SAVE20,Kitchener,20,1712.44,342.49,1369.95,281,Kitchener,"256,885",136.81,"1,877.6"
426,2025-12-20,CUST1610,Smartwatch,853.56,1,NO_COUPON,Kitchener,0,853.56,0.0,853.56,274,Kitchener,"256,885",136.81,"1,877.6"
427,2026-06-07,CUST4620,Laptop,312.69,5,SAVE30,Ottawa,30,1563.45,469.04,1094.41,105,Ottawa,"1,017,449",2788.2,364.9
428,2025-12-05,CUST8243,Mouse,1309.68,2,SAVE20,Ottawa,20,2619.36,523.87,2095.49,289,Ottawa,"1,017,449",2788.2,364.9
429,2025-09-29,CUST6221,Headphones,861.24,3,SAVE30,Waterloo,30,2583.72,775.12,1808.6,356,Waterloo,"121,436",64.06,"1,895.8"
430,2026-07-24,CUST8643,Laptop,1730.0,2,SAVE20,Waterloo,20,3460.0,692.0,2768.0,58,Waterloo,"121,436",64.06,"1,895.8"
431,2026-09-19,CUST7381,Headphones,83.45,4,NO_COUPON,London,0,333.8,0.0,333.8,1,London,"422,324",420.5,"1,004.3"
432,2026-03-06,CUST1274,Headphones,449.52,4,SAVE30,London,30,1798.08,539.42,1258.66,198,London,"422,324",420.5,"1,004.3"
433,2026-09-14,CUST5604,Laptop,1771.1,5,SAVE20,London,20,8855.5,1771.1,7084.4,6,London,"422,324",420.5,"1,004.3"
434,2025-10-09,CUST9279,Tablet,1900.57,4,SAVE20,Ottawa,20,7602.28,1520.46,6081.82,346,Ottawa,"1,017,449",2788.2,364.9
435,2025-12-01,CUST1060,Smartwatch,418.77,1,NO_COUPON,Ottawa,0,418.77,0.0,418.77,293,Ottawa,"1,017,449",2788.2,364.9
436,2026-07-02,CUST4412,Headphones,1697.85,1,NO_COUPON,Kitchener,0,1697.85,0.0,1697.85,80,Kitchener,"256,885",136.81,"1,877.6"
437,2026-08-26,CUST6477,Headphones,922.97,3,SAVE10,Toronto,10,2768.91,276.89,2492.02,25,Toronto,"2,794,356",631.1,"4,427.8"
438,2025-11-25,CUST6552,Headphones,537.59,4,SAVE20,Toronto,20,2150.36,430.07,1720.29,299,Toronto,"2,794,356",631.1,"4,427.8"
439,2026-01-07,CUST8488,Smartwatch,907.34,4,SAVE20,Ottawa,20,3629.36,725.87,2903.49,256,Ottawa,"1,017,449",2788.2,364.9
440,2026-04-09,CUST4056,Mouse,293.99,1,SAVE20,Toronto,20,293.99,58.8,235.19,164,Toronto,"2,794,356",631.1,"4,427.8"
441,2026-05-27,CUST1874,Monitor,1904.08,4,NO_COUPON,London,0,7616.32,0.0,7616.32,116,London,"422,324",420.5,"1,004.3"
442,2025-12-23,CUST8482,Smartwatch,616.6,3,SAVE10,Ottawa,10,1849.8,184.98,1664.82,271,Ottawa,"1,017,449",2788.2,364.9
443,2025-12-13,CUST5001,Smartwatch,277.71,3,SAVE30,Toronto,30,833.13,249.94,583.19,281,Toronto,"2,794,356",631.1,"4,427.8"
444,2025-10-02,CUST2233,Tablet,760.93,5,SAVE30,London,30,3804.65,1141.4,2663.25,353,London,"422,324",420.5,"1,004.3"
445,2026-07-30,CUST7139,Laptop,1110.32,3,NO_COUPON,London,0,3330.96,0.0,3330.96,52,London,"422,324",420.5,"1,004.3"
446,2026-04-01,CUST2545,Mouse,146.08,1,SAVE10,Kitchener,10,146.08,14.61,131.47,172,Kitchener,"256,885",136.81,"1,877.6"
447,2026-08-11,CUST3461,Mouse,199.96,2,SAVE20,Kitchener,20,399.92,79.98,319.94,40,Kitchener,"256,885",136.81,"1,877.6"
448,2026-07-27,CUST4101,Smartwatch,1548.08,1,SAVE20,Toronto,20,1548.08,309.62,1238.46,55,Toronto,"2,794,356",631.1,"4,427.8"
449,2025-10-11,CUST6345,Smartphone,1646.85,4,NO_COUPON,London,0,6587.4,0.0,6587.4,344,London,"422,324",420.5,"1,004.3"
450,2026-09-15,CUST7073,Laptop,901.85,4,SAVE20,Toronto,20,3607.4,721.48,2885.92,5,Toronto,"2,794,356",631.1,"4,427.8"
451,2025-12-21,CUST7574,Mouse,1805.64,5,NO_COUPON,London,0,9028.2,0.0,9028.2,273,London,"422,324",420.5,"1,004.3"
452,2026-04-10,CUST9387,Mouse,190.49,2,NO_COUPON,Kitchener,0,380.98,0.0,380.98,163,Kitchener,"256,885",136.81,"1,877.6"
453,2026-08-17,CUST2187,Keyboard,1748.65,2,SAVE20,London,20,3497.3,699.46,2797.84,34,London,"422,324",420.5,"1,004.3"
454,2026-02-02,CUST8527,Smartwatch,1138.76,1,SAVE10,London,10,1138.76,113.88,1024.88,230,London,"422,324",420.5,"1,004.3"
455,2026-06-27,CUST2511,Monitor,1247.43,4,SAVE10,Toronto,10,4989.72,498.97,4490.75,85,Toronto,"2,794,356",631.1,"4,427.8"
456,2026-03-03,CUST8949,Headphones,1967.47,4,SAVE10,Toronto,10,7869.88,786.99,7082.89,201,Toronto,"2,794,356",631.1,"4,427.8"
457,2026-09-16,CUST7358,Smartwatch,1813.94,2,SAVE20,Ottawa,20,3627.88,725.58,2902.3,4,Ottawa,"1,017,449",2788.2,364.9
458,2026-07-20,CUST8311,Headphones,805.77,1,SAVE30,Toronto,30,805.77,241.73,564.04,62,Toronto,"2,794,356",631.1,"4,427.8"
459,2026-06-06,CUST8612,Monitor,109.36,2,NO_COUPON,Ottawa,0,218.72,0.0,218.72,106,Ottawa,"1,017,449",2788.2,364.9
460,2026-02-25,CUST6789,Laptop,1940.82,3,NO_COUPON,London,0,5822.46,0.0,5822.46,207,London,"422,324",420.5,"1,004.3"
461,2026-09-10,CUST3618,Monitor,392.23,5,SAVE20,Kitchener,20,1961.15,392.23,1568.92,10,Kitchener,"256,885",136.81,"1,877.6"
462,2026-02-01,CUST2305,Laptop,1074.48,4,SAVE20,Waterloo,20,4297.92,859.58,3438.34,231,Waterloo,"121,436",64.06,"1,895.8"
463,2026-08-04,CUST4270,Headphones,408.25,5,SAVE10,Ottawa,10,2041.25,204.12,1837.13,47,Ottawa,"1,017,449",2788.2,364.9
464,2025-10-11,CUST9161,Smartphone,1698.8,3,SAVE20,London,20,5096.4,1019.28,4077.12,344,London,"422,324",420.5,"1,004.3"
465,2025-11-13,CUST4234,Tablet,906.11,5,SAVE10,Waterloo,10,4530.55,453.06,4077.49,311,Waterloo,"121,436",64.06,"1,895.8"
466,2026-08-06,CUST6184,Keyboard,483.53,5,SAVE10,Toronto,10,2417.65,241.76,2175.89,45,Toronto,"2,794,356",631.1,"4,427.8"
467,2025-12-21,CUST2357,Mouse,343.66,1,NO_COUPON,Toronto,0,343.66,0.0,343.66,273,Toronto,"2,794,356",631.1,"4,427.8"
468,2026-07-10,CUST2906,Headphones,454.84,2,SAVE10,Kitchener,10,909.68,90.97,818.71,72,Kitchener,"256,885",136.81,"1,877.6"
469,2026-03-12,CUST1825,Mouse,293.64,2,SAVE30,Toronto,30,587.28,176.18,411.1,192,Toronto,"2,794,356",631.1,"4,427.8"
470,2026-08-06,CUST1818,Tablet,642.66,1,SAVE20,London,20,642.66,128.53,514.13,45,London,"422,324",420.5,"1,004.3"
471,2026-05-11,CUST6413,Monitor,1771.09,4,SAVE30,Waterloo,30,7084.36,2125.31,4959.05,132,Waterloo,"121,436",64.06,"1,895.8"
472,2026-03-12,CUST2867,Laptop,1262.44,4,SAVE30,London,30,5049.76,1514.93,3534.83,192,London,"422,324",420.5,"1,004.3"
473,2026-08-18,CUST2099,Keyboard,899.34,2,NO_COUPON,Waterloo,0,1798.68,0.0,1798.68,33,Waterloo,"121,436",64.06,"1,895.8"
474,2025-11-13,CUST6127,Mouse,1084.28,1,NO_COUPON,London,0,1084.28,0.0,1084.28,311,London,"422,324",420.5,"1,004.3"
475,2026-03-22,CUST9071,Smartwatch,476.77,2,SAVE10,Kitchener,10,953.54,95.35,858.19,182,Kitchener,"256,885",136.81,"1,877.6"
476,2026-09-20,CUST9491,Smartphone,230.72,3,SAVE20,Toronto,20,692.16,138.43,553.73,0,Toronto,"2,794,356",631.1,"4,427.8"
477,2026-05-06,CUST9769,Monitor,1557.45,5,NO_COUPON,Kitchener,0,7787.25,0.0,7787.25,137,Kitchener,"256,885",136.81,"1,877.6"
478,2026-01-07,CUST6338,Mouse,1503.11,3,NO_COUPON,London,0,4509.33,0.0,4509.33,256,London,"422,324",420.5,"1,004.3"
479,2026-01-27,CUST1655,Keyboard,1777.75,4,SAVE30,Toronto,30,7111.0,2133.3,4977.7,236,Toronto,"2,794,356",631.1,"4,427.8"
480,2026-09-13,CUST7736,Mouse,115.0,4,SAVE10,Toronto,10,460.0,46.0,414.0,7,Toronto,"2,794,356",631.1,"4,427.8"
481,2026-07-27,CUST9990,Monitor,687.66,5,SAVE10,Kitchener,10,3438.3,343.83,3094.47,55,Kitchener,"256,885",136.81,"1,877.6"
482,2026-07-22,CUST1093,Mouse,910.28,5,SAVE10,Toronto,10,4551.4,455.14,4096.26,60,Toronto,"2,794,356",631.1,"4,427.8"
483,2026-08-20,CUST9508,Smartphone,1187.24,1,NO_COUPON,Kitchener,0,1187.24,0.0,1187.24,31,Kitchener,"256,885",136.81,"1,877.6"
484,2026-05-04,CUST3873,Mouse,732.09,3,SAVE20,Waterloo,20,2196.27,439.25,1757.02,139,Waterloo,"121,436",64.06,"1,895.8"
485,2026-08-11,CUST2406,Mouse,836.44,2,SAVE10,Ottawa,10,1672.88,167.29,1505.59,40,Ottawa,"1,017,449",2788.2,364.9
486,2026-02-19,CUST1672,Mouse,1008.85,3,SAVE30,Toronto,30,3026.55,907.96,2118.59,213,Toronto,"2,794,356",631.1,"4,427.8"
487,2026-02-12,CUST1827,Mouse,1348.0,5,SAVE20,Toronto,20,6740.0,1348.0,5392.0,220,Toronto,"2,794,356",631.1,"4,427.8"
488,2026-08-25,CUST1883,Monitor,319.87,1,SAVE30,Ottawa,30,319.87,95.96,223.91,26,Ottawa,"1,017,449",2788.2,364.9
489,2026-01-07,CUST8101,Tablet,729.58,2,SAVE10,Kitchener,10,1459.16,145.92,1313.24,256,Kitchener,"256,885",136.81,"1,877.6"
490,2026-07-04,CUST4979,Smartphone,1321.88,5,SAVE10,Ottawa,10,6609.4,660.94,5948.46,78,Ottawa,"1,017,449",2788.2,364.9
491,2025-09-27,CUST3497,Smartwatch,1371.85,2,NO_COUPON,Toronto,0,2743.7,0.0,2743.7,358,Toronto,"2,794,356",631.1,"4,427.8"
492,2025-11-24,CUST9748,Laptop,1362.36,4,SAVE30,London,30,5449.44,1634.83,3814.61,300,London,"422,324",420.5,"1,004.3"
493,2026-02-13,CUST7007,Mouse,1254.83,2,NO_COUPON,Kitchener,0,2509.66,0.0,2509.66,219,Kitchener,"256,885",136.81,"1,877.6"
494,2026-06-12,CUST2906,Mouse,1063.49,4,SAVE30,Toronto,30,4253.96,1276.19,2977.77,100,Toronto,"2,794,356",631.1,"4,427.8"
495,2026-02-16,CUST8010,Smartphone,1734.78,2,SAVE20,Toronto,20,3469.56,693.91,2775.65,216,Toronto,"2,794,356",631.1,"4,427.8"
496,2026-08-16,CUST2542,Smartphone,819.49,5,SAVE30,London,30,4097.45,1229.23,2868.22,35,London,"422,324",420.5,"1,004.3"
497,2026-07-02,CUST6477,Smartphone,1489.13,4,SAVE30,Kitchener,30,5956.52,1786.96,4169.56,80,Kitchener,"256,885",136.81,"1,877.6"
498,2026-01-24,CUST6608,Laptop,1658.65,1,SAVE30,Kitchener,30,1658.65,497.6,1161.05,239,Kitchener,"256,885",136.81,"1,877.6"
499,2026-09-06,CUST4590,Tablet,65.43,3,SAVE30,London,30,196.29,58.89,137.4,14,London,"422,324",420.5,"1,004.3"
500,2026-01-02,CUST6928,Headphones,1510.35,4,NO_COUPON,Toronto,0,6041.4,0.0,6041.4,261,Toronto,"2,794,356",631.1,"4,427.8"
